Название,Год выпуска,Длительность,Описание,Жанр,Страна
Побег из Шоушенка,1994,2h 22m,"Банкир, осужденный за уксорицид, образует дружбу за четверть века с закаленным осужденным, сохраняя при этом его невиновность и пытаясь оставаться надежды на простое сострадание.",Drama,United States
Крестный отец,1972,2h 55m,Старение патриарха организованной криминальной династии передает контроль над его тайной империей его неохотному сыну.,"Crime, Drama",United States
Тёмный рыцарь,2008,2h 32m,"Когда угроза, известная как Джокер, наносит ущерб и хаос народах Готэма, Бэтмен, Джеймс Гордон и Харви Дент должны работать вместе, чтобы положить конец безумию.","Action, Crime, Drama","United States, United Kingdom"
Крестный отец 2,1974,3h 22m,"Ранняя жизнь и карьера Вито Корлеоне в 1920 -х годах изображаются, в то время как его сын Майкл расширяет и подтягивает свою власть в отношении синдиката по семейной преступности.","Crime, Drama",United States
12 разгневанных мужчин,1957,1h 36m,"Присяжные в суде по делу об убийстве в Нью -Йорке разочарованы одним членом, чей скептически осторожность заставляет их более тщательно рассмотреть доказательства, прежде чем принять поспешное приговор.","Crime, Drama",United States
Властелин колец: Возвращение короля,2003,3h 21m,"Гандальф и Арагорн ведут мир людей против армии Саурона, чтобы привлечь свой взгляд от Фродо и Сэма, когда они приближаются к Маунт -Дум с одним кольцом.","Adventure, Drama, Fantasy","New Zealand, United States"
Список Шиндлера,1993,3h 15m,"В оккупированной немецкой Поль году во время Второй мировой войны промышленный Оскар Шиндлер постепенно заинтересован в своей еврейской рабочей силе после того, как нацисты были свидетелем их преследования со стороны нацистов.","Biography, Drama, History",United States
Криминальное чтиво,1994,2h 34m,"Жизнь двух наемников толпы, боксера, гангстера и его жены, и пары закусочных бандитов переплетаются в четырех сказках о насилии и искуплении.","Crime, Drama",United States
Властелин колец: Братство кольца,2001,2h 58m,"Крутый хоббит из Шира и восемь компаньонов отправился в путешествие, чтобы уничтожить мощное кольцо и спасти Средиземье от Темного лорда Саурона.","Adventure, Drama, Fantasy","New Zealand, United States, United Kingdom"
"Хороший, плохой, злой",1966,2h 41m,"Мошенничество на щедрости присоединяется к двум мужчинам в непростительном союзе против третьего в гонке, чтобы найти целое состояние в золоте, похороненное на отдаленном кладбище.","Adventure, Western","Italy, Spain, West Germany, United States"
Форрест Гамп,1994,2h 22m,"История Соединенных Штатов с 1950 -х годов до 70 -х годов разворачивается с точки зрения мужчины из Алабамы с IQ из 75 лет, который жаждет воссоединиться со своей детской возлюбленной.","Drama, Romance",United States
Властелин колец: Две крепости,2002,2h 59m,"В то время как Фродо и Сэм Эдж ближе к Мордору с помощью Shifty Gollum, разделенное общение выступает против нового союзника Саурона, Сарумана и его полщиков Исигарда.","Adventure, Drama, Fantasy","New Zealand, United States"
Бойцовский клуб,1999,2h 19m,"Офисный работник бессонницы и производитель мыльной помощи дьяволам образуют подземный бой-клуб, который превращается в гораздо больше.","Crime, Drama, Thriller","Germany, United States"
Начало,2010,2h 28m,"Вор, который крадет корпоративные секреты благодаря использованию технологии обмена мечтами, дает обратную задачу посадки идеи в сознание C.E.O., но его трагическое прошлое может обречь проект и его команду в катастрофу.","Action, Adventure, Sci-Fi","United States, United Kingdom"
Звёздные войны: Эпизод 5 - Империя наносит ответный удар,1980,2h 4m,"После того, как Империя одолевает альянс повстанцев, Люк Скайуокер начинает тренироваться с мастером Джедай Йода, в то время как Дарт Вейдер и охотник за головами Боба Фетт преследуют своих друзей через галактику.","Action, Adventure, Fantasy",United States
Матрица,1999,2h 16m,"Когда прекрасный незнакомец приводит компьютерного хакера Нео к запрещенному подземному миру, он обнаруживает шокирующую правду-жизнь, которую он знает,-это сложный обман злой кибер-интеллекты.","Action, Sci-Fi","United States, Australia"
Славные парни,1990,2h 25m,"История Генри Хилла и его жизни в мафии, освещая его отношения с его женой Карен и его партнерами по толпике Джимми Конвея и Томми Девито.","Biography, Crime, Drama",United States
Интерстеллар,2014,2h 49m,"Когда в будущем Земля станет необитаемой, фермеру и бывшему пилоту на NASA Джозеф Купер поручено пилотировать космический корабль вместе с командой исследователей, чтобы найти новую планету для людей.","Adventure, Drama, Sci-Fi","United States, United Kingdom, Canada"
Пролетая над гнездом кукушки,1975,2h 13m,Недавно принятый психиатрический пациент помогает своим послушным компаньонам бросить тираническую медсестру.,Drama,United States
Семь,1995,2h 7m,"Два детектива, новичок и ветеран, охотятся на серийного убийцы, который использует семь смертельных грехов в качестве своих мотивов.","Crime, Drama, Mystery",United States
Эта замечательная жизнь,1946,2h 10m,"Ангела посылают с небес, чтобы помочь отчаянно разочарованному бизнесмену, показав ему, какая жизнь была бы, если бы он никогда не существовал.","Drama, Family, Fantasy",United States
Молчание ягнят,1991,1h 58m,"Молодой Ф.Б.И.Ка курсант должен получить помощь в заключении и манипулятивном убийце каннибала, чтобы помочь поймать другого серийного убийцы, сумасшедшего, который скорее пострадает.","Crime, Drama, Horror",United States
Семь самураев,1954,3h 27m,"Фермеры из деревни, эксплуатируемой бандитами, нанимают ветеран -самурай для защиты, и он собирает шесть других самураев, чтобы присоединиться к нему.","Action, Drama",Japan
Спасти рядового Райана,1998,2h 49m,"После посадки в Нормандии группа солдат США идет за вражеской линии, чтобы забрать десантник, чьи братья были убиты в бою.","Drama, War",United States
Город Бога,2002,2h 10m,"В трущобах Рио два детских путях расходятся, когда один из них пытается стать фотографом, а другой - королем.","Crime, Drama","Brazil, France"
Зелёная миля,1999,3h 9m,"Смертельный охранник узнает, что нежный гигант в его атаке обладает таинственным подарком.","Crime, Drama, Fantasy",United States
Жизнь прекрасна,1997,1h 56m,"Когда открытый еврейский официант и его сын становятся жертвами Холокоста, он использует идеальную смесь воли, юмора и воображения, чтобы защитить своего сына от опасностей вокруг их лагеря.","Comedy, Drama, Romance",Italy
Терминатор 2: Судный день,1991,2h 17m,"Киборг, идентичный тем, кто не смог убить Сару Коннор, теперь должен защитить своего десятилетнего сына Джона от еще более продвинутого и могущественного киборга.","Action, Adventure, Sci-Fi","United States, France"
Звёздные войны,1977,2h 1m,"Люк Скайуокер объединяет усилия с рыцарем-джедаем, дерзким пилотом, вуки и двумя дроидами, чтобы спасти галактику от боевой станции Империи, а также пытается спасти принцессу Лею от таинственного Дарта Вейдера.","Action, Adventure, Fantasy",United States
Назад в будущее,1985,1h 56m,"Марти МакФлай, 17-летний ученик средней школы, случайно отправил 30 лет в прошлое в путешествии во времени Делореан, изобретенного его близким другом, научным сотрудником Доком Брауном.","Adventure, Comedy, Sci-Fi",United States
Унесённые призраками,2001,2h 4m,"Во время переезда своей семьи в пригороды угрюмая 10-летняя девочка бродит в мир, которым управляют боги, ведьмы и духи, и где люди превращаются в зверей.","Animation, Adventure, Family","Japan, United States"
Пианист,2002,2h 30m,"Во время Второй мировой войны известный польский музыкант Wladyslaw сталкивается с различной борьбой, поскольку он теряет контакт со своей семьей.Когда ситуация ухудшается, он прячется в руинах Варшавы, чтобы выжить.","Biography, Drama, Music","France, Poland, Germany, United Kingdom, United States"
Гладиатор,2000,2h 35m,"Бывший римский генерал намерен точно месть против коррумпированного императора, который убил его семью и отправил его в рабство.","Action, Adventure, Drama","United States, United Kingdom, Malta, Morocco"
Паразиты,2019,2h 12m,Жадность и дискриминация класса угрожают недавно сформированным симбиотическим отношениям между богатой семьей парка и обездоленным кланом Ким.,"Drama, Thriller",South Korea
Психо,1960,1h 49m,"Секретарь по прибеганию к растрату укрывается в уединенном калифорнийском мотеле, принадлежащем подавленному человеку и его властной матери.","Drama, Horror, Mystery",United States
Король Лев,1994,1h 28m,"Принц Лев Симба и его отец подвергаются нападению его горького дяди, который хочет подняться на престол.","Animation, Adventure, Drama",United States
Могила светлячков,1988,1h 28m,Молодой мальчик и его младшая сестра изо всех сил пытаются выжить в Японии во время Второй мировой войны.,"Animation, Drama, War",Japan
Отступники,2006,2h 31m,"Полицейский под прикрытием и родинка в полиции пытаются идентифицировать друг друга, проникнув в ирландскую банду в Южном Бостоне.","Crime, Drama, Thriller","United States, Hong Kong"
Одержимость,2014,1h 46m,"Многообещающий молодой барабанщик записывается в музыкальную консерваторию, где его мечты о величии обучаются инструктором, который не остановится ни перед чем, чтобы реализовать потенциал студента.","Drama, Music",United States
Харакири,1962,2h 13m,"Когда Ронин, прося Сеппуку во дворце феодального лорда, рассказывается о жестоком самоубийстве другого Ронина, который ранее посещал, он раскрывает, как их прошлые переплетаются - и при этом бросают вызов целостности клана.","Drama, Mystery",Japan
Американская история Икс,1998,1h 59m,"Живая жизнью, отмеченная насилием, Неонацистский Дерек, наконец, отправляется в тюрьму после убийства двух чернокожих молодых людей.После его освобождения Дерек клянется измениться;Он надеется не допустить, чтобы его брат Дэнни, который боготворивает Дерека, следовать по его стопам.","Crime, Drama",United States
Престиж,2006,2h 10m,Соперничающие маги 19-го века вступают в горькую битву за коммерческие секреты.,"Drama, Mystery, Sci-Fi","United Kingdom, United States"
Леон,1994,1h 50m,Итальянский хит -мужчина защищает нью -йоркскую сироту.,"Action, Crime, Drama","France, United States"
Человек-паук: Паутина вселенных,2023,2h 20m,"Путешествуя по мультивселенной, Майлз Моралес встречает новую команду пауков, состоящую из героев из разных измерений.Но когда герои сталкиваются с тем, как справиться с новой угрозой, Майлз оказывается на перекрестке.","Animation, Action, Adventure",United States
Касабланка,1942,1h 42m,"Циничный экспатриант американский владелец кафе изо всех сил пытается решить, помогать ли его бывшему любовнику и ее бегтерцу избежать нацистов во французском Марокко.","Drama, Romance, War",United States
Подозрительные лица,1995,1h 46m,"Единственный выживший в результате перестрелки пирса рассказывает историю о том, как пресловутый преступник повлиял на события, которые начались с пяти преступников, собравшихся в кажущейся случайной полицейской линейке.","Crime, Drama, Mystery","United States, Germany"
1+1,2011,1h 52m,"После того, как он становится четырехлетним из аварии на парапланеринге, аристократ нанимает молодого человека из проектов, чтобы он был его попечителем.","Comedy, Drama",France
Новый кинотеатр «Парадизо»,1988,2h 54m,"Сальваторе, известный режиссер, возвращается в свой родной город на похороны резокриста местного театра Альфредо.Он вспоминает о своей жизни, когда молодой мальчик влюбился в кино.","Drama, Romance","Italy, France"
Чужой,1979,1h 57m,После изучения таинственной передачи неизвестного происхождения экипаж коммерческого космического корабля встречает смертельную форму жизни.,"Horror, Sci-Fi","United Kingdom, United States"
Новые времена,1936,1h 27m,Бродяга изо всех сил пытается жить в современном промышленном обществе с помощью молодой бездомной женщины.,"Comedy, Drama, Romance",United States
Окно во двор,1954,1h 52m,"Скучный фотограф, выздоравливающий от сломанной ноги, проходит время, наблюдая за своими соседями и начинает подозревать одного из них об убийстве.","Drama, Mystery, Thriller",United States
Однажды на Диком Западе,1968,2h 46m,"Загадочный незнакомец с гармоникой объединяет усилия с печально известным отчаянием, чтобы защитить прекрасную вдову от безжалостной убийцы, работающей на железной дороге.","Drama, Western","Italy, United States"
Джанго освобождённый,2012,2h 45m,"С помощью немецкой охотника за щедрости, освобожденный раб, который собирается спасти свою жену от жестокого владельца плантации в Миссисипи.",Western,United States
Огни большого города,1931,1h 27m,"С помощью богатого беспорядочного Tippler, бродяги с влажными глазами, который влюбился в беззавишенную цветочную девушку, накапливает деньги, чтобы помочь ей медицинской помощи.","Comedy, Drama, Romance",United States
Апокалипсис сегодня,1979,2h 27m,"Офицеру армии США, служащего во Вьетнаме, поручено убийством полковника спецназа Renegade, который считает себя Богом.","Drama, Mystery, War",United States
Дюна: Часть вторая,2024,2h 46m,"Пол Атрейдес объединяется с Фременом, находясь на пути мести, отомстив заговорщикам, которые уничтожили его семью.Столкнувшись с выбором между любовью всей его жизни и судьбой вселенной, он старается предотвратить ужасное будущее.","Action, Adventure, Drama","United States, Canada, United Arab Emirates, Hungary, Italy, New Zealand, Jordan, Gambia"
ВАЛЛ·И,2008,1h 38m,"Робот, который отвечает за очистку покрытой отходом земля, встречает другого робота и влюбляется в нее.Вместе они отправились в путешествие, которое изменит судьбу человечества.","Animation, Adventure, Family","United States, Japan"
Помни,2000,1h 53m,"Бывший страховой следователь, который сейчас страдает от антероградной амнезии, использует заметки и татуировки, чтобы выследить убийцу своей жены.","Mystery, Thriller",United States
Индиана Джонс: В поисках утраченного ковчега,1981,1h 55m,"В 1936 году археологи и авантюристы правительства США наняли Индиана Джонс, чтобы найти Ковчег Завета, прежде чем нацисты смогли получить свои необычайные полномочия.","Action, Adventure",United States
Жизнь других,2006,2h 17m,"В 1984 году в Восточном Берлине агент секретной полиции, проводящего наблюдение за писателем и его любовником, становится все более поглощенным своей жизнью.","Drama, Mystery, Thriller","Germany, France"
Мстители: Война бесконечности,2018,2h 29m,"Мстители и их союзники должны быть готовы пожертвовать всеми в попытке победить могущественных Таноса, прежде чем его блиц разрушительного и руина положит конец вселенной.","Action, Adventure, Sci-Fi","United States, Norway"
Сансет бульвар,1950,1h 50m,"Сценарист развивает опасные отношения с выцветшей кинозвездой, решившей, чтобы сделать триумфальное возвращение.","Drama, Film-Noir",United States
Человек-паук: Через Вселенные,2018,1h 57m,"Teen Miles Morales становится Человеком-пауком своей вселенной и должен присоединиться к пять человек с пауками из других измерений, чтобы остановить угрозу для всех реалий.","Animation, Action, Adventure","Canada, United States"
Свидетель обвинения,1957,1h 56m,"Ветеран британский адвокат должен защищать своего клиента в ходе судебного разбирательства, который удивил после удивления.","Crime, Drama, Mystery",United States
Тропы славы,1957,1h 28m,"Полковник защищает трех своих солдат в военном суде после того, как они отказываются от суицидальной атаки.","Drama, War",United States
Сияние,1980,2h 26m,"Семья направляется в изолированный отель на зиму, где зловещее присутствие влияет на отца на насилие.В то же время его психический сын видит ужасающие предчувствия как из прошлого, так и в будущем.","Drama, Horror","United Kingdom, United States"
Великий диктатор,1940,2h 5m,"Диктатор Аденоид Хинкель пытается расширить свою империю, в то время как бедный еврейский парикмахер пытается избежать преследований с режима Хинкеля.","Comedy, Drama, War",United States
12-я неудача,2023,2h 27m,Реальная история офицера IPS Маноджа Кумара Шарма и офицера IRS Шраддха Джоши.,"Biography, Drama",India
Бесславные ублюдки,2009,2h 33m,Во время Второй мировой войны во время Второй мировой войны план убийства нацистских лидеров группой еврейских солдат США совпадает с мстительными планами владельца театра на то же самое.,"Adventure, Drama, War","United States, Germany"
Чужие,1986,2h 17m,"Через десятилетия после выживания инцидента с Ностромо Эллен Рипли отправляют, чтобы восстановить контакт с терраформирующей колонией, но она сражается с королевой инопланетян и ее потомством.","Action, Adventure, Horror","United Kingdom, United States"
Тёмный рыцарь: Возрождение легенды,2012,2h 44m,"Бэйн, внушительный террорист, нападает на Готэм-Сити и нарушает свой восьмилетний период мира.Это заставляет Брюса Уэйна выйти из скрытия и снова надеть накидку и капот Бэтмена.","Action, Crime, Drama","United States, United Kingdom"
Тайна Коко,2017,1h 45m,"Стремительный музыкант Мигель, столкнувшись с наследственным запретом своей семьи на музыку, входит в землю мертвых, чтобы найти своего пра-пра-дедушки, легендарного певца.","Animation, Adventure, Drama","United States, Mexico"
Амадей,1984,2h 40m,"Жизнь, успех и проблемы Вольфганг Амадея Моцарта, как сказал Антонио Сальери, современный композитор, который глубоко завидовал таланту Моцарта и утверждал, что убил его.","Biography, Drama, Music","United States, France"
История игрушек,1995,1h 21m,"Ковбойская кукла глубоко угрожает и завидует, когда новая фигура по борьбе с космосором вытесняет его в качестве лучшей игрушки в спальне мальчика.","Animation, Adventure, Comedy",United States
Мстители: Финал,2019,3h 1m,"После разрушительных событий Мтситетели: ВОЕННАЯ БОСКОНЕГЕАНА (2018) вселенная находится в руинах.С помощью оставшихся союзников Мстители собираются еще раз, чтобы обратить вспять действия Таноса и восстановить баланс во вселенную.","Action, Adventure, Sci-Fi",United States
Умница Уилл Хантинг,1997,2h 6m,"У Уилл Хантинг, уборщик в MIT, есть подарок для математики, но нуждается в помощи психолога, чтобы найти направление в его жизни.","Drama, Romance",United States
Олдбой,2003,2h 0m,"После того, как он был похищен и заключен в тюрьму в течение пятнадцати лет, Огал Дэ-су освобождается, только чтобы обнаружить, что он должен отследить своего похитителя за пять дней.","Action, Drama, Mystery",South Korea
"Доктор Стрейнджлав, или Как я научился не волноваться и полюбил атомную бомбу",1964,1h 35m,"Мраво неуравновешенная американская общая приказывает к приступу водородной бомбы на Советский Союз, инициируя путь к глобальному ядерному Холокосту, что военная комната, полная политиков и генералов, отчаянно пытается остановиться.","Comedy, War","United Kingdom, United States"
Подводная лодка,1981,2h 29m,"Немецкая подводная лодка преследует холодные воды Северной Атлантики, когда ее молодая команда испытывает ужас и клаустрофобную жизнь подводного лодка во Второй мировой войне.","Drama, War",West Germany
Красота по-американски,1999,2h 2m,"Сексуально разочарованный пригородный отец имеет кризис в середине жизни после того, как он увлекся лучшим другом его дочери.",Drama,United States
Храброе сердце,1995,2h 58m,"Шотландский воин Уильям Уоллес ведет своих соотечественников в восстании, чтобы освободить свою родину от тирании короля Эдварда I из Англии.","Biography, Drama, War",United States
Принцесса Мононоке,1997,2h 13m,"Стремясь вылечить себя от проклятия, молодой воин Ашитака натыкается в конфликт между народом Железного Тауна и принцессой Мононоке, девушкой, воспитанной волками, которая не остановится ни перед чем, чтобы предотвратить разрушение ее дома.","Animation, Adventure, Fantasy",Japan
Твоё имя,2016,1h 46m,"Двое подростков имеют глубокую, волшебную связь, обнаружив, что они меняют тела.Все может стать еще сложнее, когда мальчик и девочка решают встретиться лично.","Animation, Drama, Fantasy",Japan
Рай и ад,1963,2h 23m,"Исполнительный директор обувной компании Yokohama становится жертвой вымогательства, когда сын его шофера похищен по ошибке и удерживается за выкуп.","Crime, Drama, Mystery",Japan
Три идиота,2009,2h 50m,"Двое друзей ищут своего давно потерянного спутника.Они возвращаются к своим студенческим дням и вспоминают воспоминания о своем другом, который вдохновил их думать иначе, даже когда остальной мир называл их «идиотами».","Comedy, Drama",India
Джокер,2019,2h 2m,"Артур Флек, клоун вечеринки и неудачный комик, ведет обнищавшую жизнь со своей больной матерью.Однако, когда общество избегает его и зафиксирует урод, он решает принять жизнь хаоса в Готэм -Сити.","Crime, Drama, Thriller","United States, Canada, Australia"
Однажды в Америке,1984,3h 49m,"Бывший еврейский гангстер эпохи запрета возвращается в нижнюю восточную сторону Манхэттена 35 лет спустя, где он должен снова противостоять призракам и сожалениям о своей старой жизни.","Crime, Drama","Italy, United States"
Капернаум,2018,2h 6m,"Отбывая пятилетний срок за насильственное преступление, 12-летний мальчик предъявляет иск своим родителям за пренебрежение.",Drama,"Lebanon, United States, France, Cyprus, Qatar, United Kingdom"
Поющие под дождем,1952,1h 43m,"Звезда немой кино влюбляется в припевную девушку так же, как он и его бредовое ревнивое экранное партнер пытаются сделать трудный переход к говорящим картинкам в Голливуде 1920 -х годов.","Comedy, Musical, Romance",United States
Boзмутительный класс не прошёл экзамен,1975,1h 35m,Молодая и красивая учительница начинает работать в средней школе All Boys.,Comedy,Turkey
Иди и смотри,1985,2h 22m,"Найдя старую винтовку, молодой мальчик присоединяется к советскому движению сопротивления против безжалостных немецких сил и испытывает ужасы Второй мировой войны.","Drama, Thriller, War",Soviet Union
Реквием по мечте,2000,1h 42m,"Утопии, вызванные наркотиками четырех жителей Кони-Айленда, разрушены, когда их пристрастия проходят глубоко.",Drama,United States
Звёздные войны: Эпизод 6 - Возвращение Джедая,1983,2h 11m,"После спасения Хана Соло из Джабба Хатта, повстанческий альянс пытается уничтожить вторую звезду смерти, в то время как Люк изо всех сил пытается помочь Дарту Вейдеру вернуться с темной стороны.","Action, Adventure, Fantasy",United States
История игрушек: Большой побег,2010,1h 43m,"Игрушки ошибочно доставляются в дневной центр ухода, а не на чердаке прямо перед тем, как Энди уходит в колледж, и Вуди должен убедить других игрушек, что они не были брошены и вернуться домой.","Animation, Adventure, Comedy",United States
Охота,2012,1h 55m,"Учитель живет одинокой жизнью, все время борясь за опеку своего сына.Его жизнь постепенно становится лучше, когда он находит любовь и получает хорошие новости от своего сына, но его новая удача будет жестоко разрушена невинной маленькой ложью.",Drama,"Denmark, Sweden, Belgium, France"
Жить,1952,2h 23m,"Бюрократ пытается найти смысл в своей жизни после того, как обнаружит, что у него терминальный рак.",Drama,Japan
Вечное сияние чистого разума,2004,1h 48m,"Когда их отношения становятся кислыми, пара проходит медицинскую процедуру, чтобы навсегда стираться друг от друга из их воспоминаний.","Drama, Romance, Sci-Fi",United States
2001 год: Космическая одиссея,1968,2h 29m,"Когда на Луне раскрывается таинственный артефакт, космический корабль, укомплектованный двумя людьми, и один суперкомпьютер отправляется в Юпитер, чтобы найти его происхождение.","Adventure, Sci-Fi","United Kingdom, United States"
Бешеные псы,1992,1h 39m,"Когда простой украшение ограблений идет ужасно неправильно, выжившие преступники начинают подозревать, что один из них - полицейский информатор.","Crime, Thriller",United States
Квартира,1960,2h 5m,"Манхэттенский страховой клерк пытается подняться в своей компании, позволяя ее руководителям использовать его квартиру для свидания, но офисная политика и его собственные романтические надежды усложняют вопросы.","Comedy, Drama, Romance",United States
Пожары,2010,2h 11m,"Близнецы отправятся на Ближний Восток, чтобы открыть для себя семейную историю и выполнить последние пожелания своей матери.","Drama, Mystery, War","Canada, France"
Лоуренс Аравийский,1962,3h 47m,"История Т.Е.Лоуренс, английский офицер, который успешно объединился и руководил разнообразными, часто враждующими арабскими племенами во время Первой мировой войны, чтобы сражаться с турками.","Adventure, Biography, Drama","United Kingdom, United States"
Лицо со шрамом,1983,2h 50m,"В 1980-х годах определенный кубинский иммигрант, настроенный на преступник, становится крупнейшим контрабандистом наркотиков в Майами и в конечном итоге отменен своей собственной наркоманией.","Crime, Drama",United States
Двойная страховка,1944,1h 47m,"Страховой представитель соблазняется недовольной домохозяйкой в ​​схему страхового мошенничества и убийства, которая вызывает подозрение его коллеги, следователя по претензиям.","Crime, Drama, Film-Noir",United States
Схватка,1995,2h 50m,"Группа высококлассных профессиональных воров начинает чувствовать жар от LAPD, когда они неосознанно оставляют словесную подсказку в своем последнем ограблении.","Action, Crime, Drama",United States
На север через северо-запад,1959,2h 16m,"Руководитель по рекламе в Нью -Йорке идет в бегах после того, как его приняли за правительственный агент группой иностранных шпионов, и влюбляется в женщину, чьи лояльности он начинает сомневаться.","Adventure, Drama, Mystery",United States
Вверх,2009,1h 36m,"78-летний Карл Фредриксен отправляется в Южную Америку в своем доме, оборудованном воздушными шарами, непреднамеренно взяв молодого устремления.","Animation, Adventure, Comedy",United States
Гражданин Кейн,1941,1h 59m,"После смерти издательства магната Чарльза Фостера Кейна, журналисты пытаются раскрыть значение его последнего высказывания: «Роузбуд».","Drama, Mystery",United States
М убийца,1931,1h 57m,"Когда полиция в немецком городе не может поймать убийца ребенка, другие преступники присоединяются к охоте.","Crime, Mystery, Thriller",Germany
Цельнометаллическая оболочка,1987,1h 56m,"Прагматичный морской пехотинец наблюдает за дегуманизирующими последствиями, которые война во Вьетнаме оказывает на своих собратьев -новобранцев от своих жестоких тренировок в кролическом лагере до кровавой улицы, борьбы с Хюэ.","Drama, War","United Kingdom, United States"
Головокружение,1958,2h 8m,"Бывший детектив полиции Сан -Франциско жонглирует со своими личными демонами и становясь одержимой навязчиво красивой женщиной, которую он был нанят в Трейл, которая может быть глубоко обеспокоена.","Mystery, Romance, Thriller",United States
Амели,2001,2h 2m,"Несмотря на то, что молодая официантка Амели решает помочь людям найти счастье.Ее стремление распространять радость приводит ее в путешествие, во время которого она находит настоящую любовь.","Comedy, Romance","France, Germany"
Развод Надера и Симин,2011,2h 3m,"Супружеская пара сталкивается с трудным решением - улучшить жизнь своего ребенка, переехав в другую страну или остаться в Иране и присматривать за ухудшением родителей, у которого болезнь Альцгеймера.",Drama,"Iran, France, Australia"
Убить пересмешника,1962,2h 9m,"Овдовевший адвокат в эпохе депрессии Алабамы защищает чернокожих от ложного обвинения в изнасиловании, обучая своих маленьких детей о печальной реальности предрассудков.","Crime, Drama",United States
Заводной апельсин,1971,2h 16m,Алекс Деярдж и его Droogs варварся разлагаются в ближайшее время.,"Crime, Sci-Fi","United Kingdom, United States"
Звёздочки на земле,2007,2h 42m,"Считается, что молодой мальчик не является чем -то иным, как ленивым нарушителем нарушителя, пока у нового учителя искусства не будет терпения и сострадания, чтобы обнаружить реальную проблему, стоящую за его борьбой в школе.","Drama, Family",India
Крепкий орешек,1988,2h 12m,"Полицейский из Нью -Йорка пытается спасти свою отчужденную жену и несколько других, взятых террористов во время рождественской вечеринки на Накатоми Плаза в Лос -Анджелесе.","Action, Thriller",United States
Афера,1973,2h 9m,"Два сбора объединяются, чтобы снять Ultimate Con.","Comedy, Crime, Drama",United States
Индиана Джонс и последний крестовый поход,1989,2h 7m,"В 1938 году, после того, как его отец пропал без вести, преследуя Святой Грааль, Индиана Джонс снова оказывается против нацистов, чтобы помешать им получить свои силы.","Action, Adventure",United States
Оппенгеймер,2023,3h 0m,"Драматизация истории жизни Дж. Роберта Оппенгеймера, физика, у которого была большая рука в развитии атомных бомб, которые положили конец Второй мировой войне.","Biography, Drama, History","United States, United Kingdom"
Метрополис,1927,2h 33m,"В футуристическом городе, резко разделенном между рабочим классом и планировщиками города, сын вдохновителя города влюбляется в пророка рабочего класса, который предсказывает приход спасителя, чтобы опосредовать их различия.","Drama, Sci-Fi",Germany
Большой куш,2000,1h 44m,"Ноблезные боксерские промоутеры, жестокие букмекеры, русский гангстер, некомпетентные грабители -любители и предположительно еврейские ювелиры борются за то, чтобы выследить бесценный украденный бриллиант.","Comedy, Crime","United Kingdom, United States"
1917,2019,1h 59m,"6 апреля 1917 года. Поскольку пехотный батальон собирается, чтобы вести войну глубоко на территории противника, два солдата назначаются для участия в гонке со временем и донести послание, которое остановит 1600 человек не выйти прямо в смертельную ловушку.","Action, Drama, War","United Kingdom, United States, India, Spain, Canada"
Секреты Лос-Анджелеса,1997,2h 18m,"По мере роста коррупции в 1950 -х годах Лос -Анджелеса, три полицейских - один из проливных, один жестокий и один неряшливый - расследуйте серию убийств со своим собственным брендом справедливости.","Crime, Drama, Mystery",United States
Похитители велосипедов,1948,1h 29m,"В послевоенной Италии похищен велосипед рабочего класса, угрожая его усилиям по поиску работы.Он и его сын решили найти это.",Drama,Italy
Бункер,2004,2h 36m,"Траудл Юнге, финальный секретарь Адольфа Гитлера, рассказывает о последних днях нацистского диктатора в его Берлинском бункере в конце Второй мировой войны.","Biography, Drama, History","Germany, Austria, Italy"
Дангал. Слово борца,2016,2h 41m,"Махавир Сингх Фогат, бывший борец, решает осуществить свою мечту о завоевании золотой медаль для своей страны, обучая своих дочерей для Игр Содружества, несмотря на существующие социальные стигмы.","Action, Biography, Drama","India, United States"
Волк с Уолл-стрит,2013,3h 0m,"Основываясь на истинной истории Джордана Белфорта, от его подъема до богатого фондового брокера, проживающего высокую жизнь до его падения, связанного с преступностью, коррупцией и федеральным правительством.","Biography, Comedy, Crime",United States
Гамильтон,2020,2h 40m,Реальная жизнь одного из главных отцов -основателей Америки и первого секретаря казначейства Александр Гамильтон.Захватил в прямом эфире на Бродвее из театра Ричарда Роджерса с оригинальным бродвейским актерским составом.,"Biography, Drama, History",United States
Таксист,1976,1h 54m,"Мраво неуравновешенный ветеран работает ночным таксистом в Нью -Йорке, где воспринимаемый декаданс и подлости подпитывают его стремление к насильственным действиям.","Crime, Drama",United States
Зеленая книга,2018,2h 10m,Итальянско-американский вышибала рабочего класса становится движущей силой афроамериканского классического пианиста в туре по местам по американскому югу 1960-х годов.,"Biography, Comedy, Drama","United States, China"
Бэтмен: Начало,2005,2h 20m,"Свидев смерть своих родителей, миллиардер Брюс Уэйн узнает искусство борьбы, чтобы противостоять несправедливости.Когда он возвращается в Готэм в роли Бэтмена, он должен остановить секретное общество, которое намеревается уничтожить город.","Action, Crime, Drama","United States, United Kingdom"
На несколько долларов больше,1965,2h 12m,"Два убийцы наградных с аналогичными намерениями, но различные мотивы объединяются, чтобы выследить психотический мексиканский преступник, прежде чем он и его банда смогут выполнить смелое ограбление банка.","Drama, Western","Italy, Spain, West Germany"
Шоу Трумана,1998,1h 43m,"Продавец страхования начинает подозревать, что вся его жизнь на самом деле является своего рода реалити -шоу.","Comedy, Drama",United States
Нюрнбергский процесс,1961,2h 59m,"Художественное изображение судей 1947 года, третье из 12 судебных процессов нацистских военных преступников, проведенных американскими оккупационными силами в Нюрнберге, Германия, в которых бывшие судьи нацистской Германии были предприняты для их действий.","Drama, War",United States
В джазе только девушки,1959,2h 1m,"После того, как два музыканта-мужчины стали свидетелями хита толпы, они бежат от государства в группе, замаскированной как женщины, замаскированной как женщины, но возникают дальнейшие осложнения.","Comedy, Music, Romance",United States
Остров проклятых,2010,2h 18m,"Два американских маршала отправляются в психиатрическое учреждение на негостеприимном острове, чтобы исследовать исчезновение пациента.","Drama, Mystery, Thriller","United States, Canada"
Малыш,1921,1h 8m,"Бродяга заботится о брошенном ребенке, но события подвергают их отношениям их отношения.","Comedy, Drama, Family",United States
Отец,2020,1h 37m,"Мужчина отказывается от всей помощи от своей дочери, когда он стареет.Когда он пытается понять, что происходит вокруг него, он начинает сомневаться в своих близких, его собственном уме и даже ткани его реальности.","Drama, Mystery","United Kingdom, France, United States"
Всё о Еве,1950,2h 18m,"Казалось бы, робкая, но тайно безжалостная Инжене вмешается в жизнь стареющей звезды Бродвея и ее круга театральных друзей.",Drama,United States
Парк юрского периода,1993,2h 7m,"Промышленник приглашает некоторых экспертов посетить его тематический парк клонированных динозавров.После сбоя сил существа убегают, впадая в опасность, в том числе его внуки.","Action, Adventure, Sci-Fi",United States
Нефть,2007,2h 38m,"История семьи, религии, ненависти, нефти и безумия, сосредоточенная на разведчике на рубеже веков в первые дни бизнеса.",Drama,United States
Казино,1995,2h 58m,"В Лас-Вегасе два лучших друзья-исполнительный директор казино и мафиозный сияющий-скомплектируются империей азартных игр и быстроживущем, быстро любящем светском происхождении.","Crime, Drama","United States, France"
Шестое чувство,1999,1h 47m,"После того, как его застрелил бывшим пациентом, которого он не смог помочь, детский психолог из Филадельфии ищет искупления, обращаясь к молодому мальчику с тревожным секретом.","Drama, Mystery, Thriller",United States
Ран,1985,2h 40m,"В средневековой Японии пожилой военачальник уходит на пенсию, передавая свою империю своим трем сыновьям.Тем не менее, он значительно недооценивает, как вновь обретенная сила испортит их, и заставит их поворачивать друг друга ... и его.","Action, Drama, War","Japan, France"
Топ Ган. Мэверик,2022,2h 10m,"История связана с тем, что Маверик противостоит своему прошлому во время обучения группы молодых выпускников высшего оружия, в том числе сына его покойного лучшего друга, для опасной миссии.","Action, Drama",United States
Старикам тут не место,2007,2h 2m,"Насилие и хаос заступают после того, как охотник наткнулся на последствия сделки с наркотиками, и более двух миллионов долларов наличными возле Рио -Гранде.","Crime, Drama, Thriller",United States
Нечто,1982,1h 49m,"Исследовательская группа в Антарктиде охотится на инопланетянин, изменяющий форму, который предполагает появление своих жертв.","Horror, Mystery, Sci-Fi","United States, Canada"
Лабиринт Фавна,2006,1h 58m,"В 1944 году Испания послала девушку жить со своим безжалостным отчимом.Ночью она встречает фею, которая ведет ее к старому фаун.Он говорит ей, что она принцесса, но должна доказать свою королевскую власть, пережив три ужасных задачи.","Drama, Fantasy, War","Mexico, Spain"
Непрощенный,1992,2h 10m,"Острый Уэст -Уэст -Ганслингер в отставке неохотно берет на себя последнюю работу, чтобы отомстить за несправедливость с помощью своего старого партнера и более нового преступника, известного просто как ребенок Шофилда.","Drama, Western",United States
Игры разума,2001,2h 15m,"Математический гений, Джон Нэш сделал удивительное открытие в начале своей карьеры и стоял на грани международного признания.Но красивый и высокомерный Нэш вскоре оказался в душераздирающем путешествии самопознания.","Biography, Drama, Mystery",United States
Убить Билла. Фильм 1,2003,1h 51m,"Проснувшись от четырехлетней комы, бывший убийца отомстил от команды убийц, которые ее предали.","Action, Crime, Thriller",United States
Сокровища Сьерра Мадре,1948,2h 6m,"Два американца в духе, ищущие работу в 1920-х годах Мексики, убедили старого разведчика помочь им добывать золото в горах Сьерра-Мадре.","Adventure, Drama, Western",United States
Пленницы,2013,2h 33m,"Отчаянный отец берет закон в свои руки после того, как полиция не сможет найти двух похищенных девушек.","Crime, Drama, Mystery",United States
Телохранитель,1961,1h 50m,"Хитрый Ронин приходит в город, разделенный двумя преступными бандами, и решает сыграть их друг против друга, чтобы освободить город.","Action, Drama, Thriller",Japan
В поисках Немо,2003,1h 40m,"После того, как его сын запечатлен в Большом Барьерном рифе и доставлен в Сидней, робкая рыба -клоуна отправляется в путешествие, чтобы привести его домой.","Animation, Adventure, Comedy","United States, Japan"
Ходячий замок,2004,1h 59m,"Когда неуверенная молодая женщина проклята старым телом злобной ведьмой, ее единственный шанс нарушить заклинание лежит с самодовольным, но небезопасным молодым волшебником и его спутниками в его ноже, ходячий замок.","Animation, Adventure, Family","Japan, United States"
Большой побег,1963,2h 52m,"Союзные офицеры в немецком лагере военнопленного во время Второй мировой войны создают смелый план массового побега сотнями своих людей, надеясь вытащить немецкий персонал и ресурсы вдали от боевых операций.","Adventure, Drama, Thriller",United States
Монти Пайтон и священный Грааль,1975,1h 31m,"Король Артур и его рыцари круглого стола отправляются в сюрреалистический, малобюджетный поиск Святого Грааля, встречающего много, очень глупые препятствия.","Adventure, Comedy, Fantasy",United Kingdom
Человек-слон,1980,2h 4m,"Викторианский хирург спасает сильно изуродованного человека, которому плохо обращается, когда собираясь на жизнь как урод с боковым шоу.За его чудовищным фасадом обнаружен человек доброты, интеллекта и изысканности.","Biography, Drama","United States, United Kingdom"
В случае убийства набирайте «М»,1954,1h 45m,"Лондонский плейбой представляет идеальное убийство его богатой, неверной жены.","Crime, Drama, Mystery",United States
Клаус,2019,1h 36m,"Простой акт доброты всегда вызывает другой, даже в замороженном, далеком месте.Когда новый почтальон Смиеренсбурга, Джеспер, подружился с игрушками Клауса, их подарки растают вековую вражду и доставляют сами, полные праздничных традиций.","Animation, Adventure, Comedy","Spain, United Kingdom, United States, Austria, Canada, France"
Унесенные ветром,1939,3h 58m,"Закрытая и манипулятивная южная Белль и рогусский спекулятор сталкиваются с турбулентным романом, когда общество вокруг них рушатся с концом рабства и восстанавливается во время гражданской войны и периодов реконструкции.","Drama, Romance, War",United States
Расёмон,1950,1h 28m,"Изнасилование невесты и убийство ее мужа -самураев вспоминаются с точек зрения бандита, невесты, призрака самураев и деревянного штампа.","Crime, Drama, Mystery",Japan
Китайский квартал,1974,2h 10m,"Частный детектив, нанятый для разоблачения прелюбодея в 1930 -х годах, Лос -Анджелес оказывается в том, что он попал в сеть обмана, коррупции и убийства.","Drama, Mystery, Thriller",United States
Тайна в его глазах,2009,2h 9m,"Отставной юрисконсульт пишет роман в надежде найти закрытие для одного из его прошлых неразрешенных дел об убийстве, а также за его неразрешившую любовь к его начальнику - оба из которых все еще преследуют его десятилетия спустя.","Drama, Mystery, Romance","Argentina, Spain"
"Карты, деньги, два ствола",1998,1h 47m,"Когда четыре мелких преступника проигрывают сфальсифицированную игру в покер против лондонского короля, он дает им одну неделю, чтобы урегулировать их огромный долг.","Comedy, Crime","United Kingdom, United States"
«V» значит Вендетта,2005,2h 12m,"В будущем Британском антиутопическом обществе, темный боец ​​свободы, известный только псевдонимом «V», предназначен для свержения тиранического правительства - с помощью молодой женщины.","Action, Drama, Sci-Fi","United States, United Kingdom, Germany"
Головоломка,2015,1h 35m,"После того, как молодая Райли вырвана из своей жизни на Среднем Западе и переехала в Сан -Франциско, ее эмоции - радость, страх, гнев, отвращение и грусть - конфликт с тем, как лучше всего ориентироваться в новом городе, доме и школе.","Animation, Adventure, Comedy",United States
"Три билборда на границе Эббинга, Миссури",2017,1h 55m,"Мать лично бросает вызов местным властям раскрыть убийство своей дочери, когда они не могут поймать виновника.","Comedy, Crime, Drama","United Kingdom, United States"
Мост через реку Квай,1957,2h 41m,"Британские военнопленные вынуждены построить железнодорожный мост через реку Кваи для своих японских похитителей в оккупированной Бирме, не зная, что союзные силы планируют смелый набег на коммандос через джунгли, чтобы уничтожить его.","Adventure, Drama, War","United Kingdom, United States"
На игле,1996,1h 33m,"Рентон, глубоко погруженный на сцену наркотиков в Эдинбурге, пытается убрать и выйти, несмотря на очарование наркотиков и влияние друзей.",Drama,"United Kingdom, United States"
"Поймай меня, если сможешь",2002,2h 21m,"Еще 17 еще 17, Фрэнк - опытный фальсификатор, который прошел в качестве врача, адвоката и пилота.Агент ФБР Карл становится одержимым отслеживанием мошенника, который только наслаждается преследованием.","Biography, Crime, Drama","United States, Canada"
Бешеный бык,1980,2h 9m,"Жизнь боксера Джейка Ламотты, чье насилие и характер, которые привели его к вершине на ринге, разрушила его жизнь вне его.","Biography, Drama, Sport",United States
Дикий робот,2024,1h 42m,"После кораблекрушения умный робот под названием Роз оказался на необитаемом острове.Чтобы выжить в суровой среде, Роз связывается с животными острова и заботится о детском гусь с сиротом.","Animation, Sci-Fi","United States, Japan"
Фарго,1996,1h 38m,"Продавец автомобилей в Миннесоте Джерри Лундегаард непредубеляется, из -за того, что он и его приспешники и постоянная полицейская работа довольно беременной Мардж Гандерсон.","Crime, Drama, Thriller","United Kingdom, United States"
Воин,2011,2h 20m,"Младший сын бывшего боксера -алкоголика возвращается домой, где он обучен своим отцом для соревнований в турнире по смешанным боевым искусствам - пути, который ставит бойца на курс столкновения со своим отчужденным старшим братом.","Action, Drama, Sport",United States
Гарри Поттер и Дары смерти: Часть II,2011,2h 10m,"По мере того, как битва между силами добра и зла в волшебном мире экранируется, Гарри Поттер приближается к своему последнему противостоянию с Волдемортом.","Adventure, Family, Fantasy","United Kingdom, United States"
Гран Торино,2008,1h 56m,"После того, как подросток хмонга пытается украсть свой ценный Gran Torino 1972 года, недовольный, предвзятый ветеран Корейской войны стремится искупить и мальчика, и его себя.",Drama,"Germany, United States"
Малышка на миллион,2004,2h 12m,"Фрэнки, злоупотребленный старым тренером, неохотно соглашается обучить начинающего боксера Мэгги.Впечатленная ее решимостью и талантом, он помогает ей стать лучшей, и они вскоре составляют тесную связь.","Drama, Sport",United States
Бен-Гур,1959,3h 32m,"Еврейский принц предан и отправлен в рабство римским другом в Иерусалиме 1-го века, но вскоре он восстановит свою свободу и вернется за мести.","Adventure, Drama",United States
Безумный Макс: Дорога ярости,2015,2h 0m,"В постсапокалиптической пустоши женщина повстанцает против тиранического правителя в поисках своей родины с помощью группы женских заключенных, психотического поклонника и дрифтера по имени Макс.","Action, Adventure, Sci-Fi","Australia, United States"
Мой сосед Тоторо,1988,1h 26m,"Когда две девушки переезжают в страну, чтобы быть рядом с своей больной матерью, у них есть приключения с чудесными лесными духами, которые живут поблизости.","Animation, Comedy, Family",Japan
Человек-паук: Нет пути домой,2021,2h 28m,"Теперь, когда личность Человека-паука раскрыта, Питер просит доктора Стрэнджа о помощи.Когда заклинание идет неправильно, начинают появляться опасные враги из других миров.","Action, Adventure, Fantasy",United States
Барри Линдон,1975,3h 5m,Ирландский мошенник выигрывает сердце богатой вдовы и занимает аристократическую должность ее мертвого мужа в Англии 18-го века.,"Adventure, Drama, War","United Kingdom, United States"
Общество мёртвых поэтов,1989,2h 8m,"Учитель Маверика Джон Китинг возвращается в 1959 году в престижную школу-интернат в Новой Англии, где он когда-то был звездным учеником, используя поэзию, чтобы побудить своих учеников к новым высотам самовыражения.","Comedy, Drama",United States
Дети небес,1997,1h 29m,"После того, как мальчик теряет пару туфель своей сестры, он отправляется в серию приключений, чтобы найти их.Когда он не может, он пробует новый способ «выиграть» новую пару.","Drama, Family, Sport",Iran
12 лет рабства,2013,2h 14m,"В антебеллуме Соломон Нортуп, свободный черный человек из северной части штата Нью -Йорк, похищен и продается в рабство.","Biography, Drama, History","United Kingdom, United States"
Перед рассветом,1995,1h 41m,"Молодой мужчина и женщина встречаются в поезде в Европе, и однажды вечером проводят вместе в Вене.К сожалению, оба знают, что это, вероятно, будет их единственной ночью вместе.","Comedy, Drama, Romance","United States, Austria"
Отель «Гранд Будапешт»,2014,1h 39m,"Писатель встречает владельца стареющего отеля высокого класса, который рассказывает ему о его первых годах, когда он служил лобби-мальчиком в славные годы отеля под исключительным консьержем.","Comedy, Drama","United States, Germany"
По соображениям совести,2016,2h 19m,"Медик Американской армии Второй мировой войны Десмонд Т. Досс, служащий во время битвы при Окинаве, отказывается убивать людей и становится первым человеком в американской истории, получившей Медаль Чести, не стреляя в выстрел.","Biography, Drama, History",United States
Бегущий по лезвию,1982,1h 57m,"Бегущий по лезвию должен преследовать и прекратить четыре репликанта, которые украли корабль в космосе и вернулись на Землю, чтобы найти своего создателя.","Action, Drama, Sci-Fi","United States, United Kingdom"
Исчезнувшая,2014,2h 29m,Муж пропавшей женщины становится главным подозреваемой в ее исчезновении.,"Drama, Mystery, Thriller",United States
Воспоминания об убийстве,2003,2h 11m,"В маленькой корейской провинции в 1986 году два детектива борются со случаем того, что многочисленные молодые женщины обнаружили и изнасилованы и убиты неизвестным виновником.","Crime, Drama, Mystery",South Korea
Рататуй,2007,1h 51m,"Крыса, которая может готовить, составляет необычный союз с молодым кухонным работником в знаменитом парижском ресторане.","Animation, Adventure, Comedy",United States
Корпорация монстров,2001,1h 32m,"Чтобы питать город, монстры должны пугать детей, чтобы они кричали.Тем не менее, дети токсичны для монстров, и после того, как ребенок пережил, два монстра понимают, что вещи могут не быть тем, что они думают.","Animation, Adventure, Comedy",United States
Во имя отца,1993,2h 13m,"Принудительное признание ирландского мужчины к И.Р.А.Бомбардировка он не совершил приводит к тюремному заключению и отца.Тем временем британский адвокат борется, чтобы очистить их имена и освободить их.","Biography, Crime, Drama","Ireland, United Kingdom, United States"
Как приручить дракона,2010,1h 38m,"Несчастный молодой викинг, который стремится охотиться на драконов, становится маловероятным другом самого молодого дракона и узнает, что существует больше для существ, чем он предполагал.","Animation, Action, Adventure","United States, France, United Kingdom"
Дикие истории,2014,2h 2m,"Шесть коротких рассказов, которые исследуют конечности человеческого поведения с участием людей в страданиях.","Comedy, Drama, Thriller","Argentina, Spain, France, United Kingdom"
Золотая лихорадка,1925,1h 35m,"Разведчик отправляется в Клондайк во время золотой лихорадки 1890 -х годов в надежде сделать его состояние, и его поразит девушкой, которую он видит в танцевальном зале.","Adventure, Comedy, Drama",United States
Шерлок младший,1924,0h 45m,"Кино -проекционист жаждет стать детективом и ставит свои скудные навыки на работу, когда его создает соперник за кражу карманных часов его подруги.","Action, Comedy, Romance",United States
Челюсти,1975,2h 4m,"Когда массивная убийственная акула развязывает хаос на пляжном сообществе у Лонг -Айленда, она зависит от местного шерифа, морского биолога и старого моряка, чтобы охотиться на зверя.","Adventure, Drama, Horror",United States
Мэри и Макс,2009,1h 32m,В 1976 году в Мельбурне одинокая 8-летняя девочка поднимает переписку с маловероятным приятелем по переписке: 44-летний 44-летний житель Нью-Йорка с синдромом Аспергера.,"Animation, Comedy, Drama",Australia
Охотник на оленей,1978,3h 3m,"Углубленное изучение способов, которыми война во Вьетнаме влияет и нарушает жизнь нескольких друзей в маленьком сталелитейном заводе в Пенсильвании.","Drama, War","United States, United Kingdom"
Ford против Ferrari,2019,2h 32m,"Американский дизайнер автомобилей Кэрролл Шелби и водитель Кен Майлз боятся корпоративное вмешательство и законы физики для строительства революционного гоночного автомобиля для Ford, чтобы победить Ferrari в 24 часа Le Mans в 1966 году.","Action, Biography, Drama",United States
Паровоз Генерал,1926,1h 18m,"После того, как его отвергли военные Конфедерации, не осознавая, что это произошло из-за его важнейшей гражданской роли, инженер должен в одиночку повторно вернуть свою любимую локомотиву после того, как он был захвачен союзными шпионами и вернуть его через вражеские линии.","Action, Adventure, Comedy",United States
Плата за страх,1953,2h 36m,"В дряхлевой южноамериканской деревне нанимаются четверо мужчин для перевозки неотложной грузоподъемности нитроглицерина без оборудования, которое сделало бы его безопасным.","Adventure, Drama, Thriller","France, Italy"
Мистер Смит едет в Вашингтон,1939,2h 9m,"Наивный молодежный лидер назначается для заполнения вакансии в Сенате США.Его идеалистические планы быстро сталкиваются с коррупцией дома и уловками от своего героя в Вашингтоне, но он пытается выходить вперед, несмотря на нападения на своего характера.","Comedy, Drama",United States
В порту,1954,1h 48m,"Экс-боец, превративший в Нью-Джерси Лонгшореман, изо всех сил пытается противостоять своим коррумпированным боссам Союза, включая своего старшего брата, когда он начинает общаться с скорбящей сестрой одной из жертв синдиката.","Crime, Drama, Thriller",United States
Земляничная поляна,1957,1h 32m,"Проживая жизнь, отмеченную холодом, стареющий профессор вынужден противостоять пустоте своего существования.","Drama, Romance",Sweden
Логан,2017,2h 17m,"В будущем, где мутанты почти вымерли, пожилые люди и утомленный Логан ведет тихую жизнь.Но когда Лаура, мутант -ребенок, преследуемый учеными, приходит к нему за помощью, он должен доставить ее в безопасное место.","Action, Drama, Sci-Fi",United States
Рокки,1976,2h 0m,"Небольшой боксер из Филадельфии получает чрезвычайно редкий шанс сразиться с чемпионом мира в супертяжелом весе, в котором он стремится пройти дистанцию ​​для своего самоуважения.","Drama, Sport",United States
Третий человек,1949,1h 44m,"Романист из целлюлозы Холли Мартинс путешествует в тенистую, послевоенную Вену, только чтобы расследовать загадочную смерть старого друга Гарри Лайма.","Drama, Film-Noir, Mystery",United Kingdom
Токийская повесть,1953,2h 17m,"Старая пара посещает их детей и внуков в городе, но уделяет мало внимания.",Drama,Japan
Я все еще здесь,2024,2h 17m,"Женщина вышла замуж за бывшего политика во время военной диктатуры в Бразилии, вынуждена заново изобретать себя и наметить новый курс для своей семьи после насильственного и произвольного акта.","Biography, Drama, History","Brazil, France"
В центре внимания,2015,2h 9m,"Истинная история о том, как Бостонский глобус раскрыл массовый скандал с пристанием к ребенку и прикрытию в местной католической архиепархии, встряхивая всю католическую церковь.","Biography, Crime, Drama",United States
Большой Лебовски,1998,1h 57m,"Джефф ""Чувак"" Лебовски, ошибочный за одноименное миллионера, ищет реституцию за его разрушенный коврик и заполняет своих приятелей для боулинга, чтобы помочь получить его.","Comedy, Crime","United Kingdom, United States"
Терминатор,1984,1h 47m,"Киборгский убийца из будущих попыток найти и убить молодую женщину, которой суждено родить воина, который приведет к сопротивлению спасению человечества от исчезновения.","Action, Adventure, Sci-Fi","United Kingdom, United States"
Махараджа,2024,2h 21m,"Парикмахер ищет мести после того, как его дом будет ограблен, загадочно рассказывает полиции, что его «Лакшми» был взят, оставив их неопределенными, если это человек или объект.Его стремление восстановить неуловимую ""Лакшми"" разворачивается.","Action, Crime, Drama",India
Седьмая печать,1957,1h 36m,"Рыцарь, возвращающийся в Швецию после того, как крестовые походы ищут ответы о жизни, смерти и существовании Бога, когда Он играет в шахмат против мрачного жнеца во время черной чумы.","Drama, Fantasy",Sweden
Пираты Карибского моря: Проклятие Чёрной жемчужины,2003,2h 23m,"Кузнец будет объединяться с эксцентричным пиратом «капитаном» Джеком Воробей, чтобы спасти Элизабет Суонн, дочь губернатора и его любовь, от бывших пиратских союзников Джека, которые сейчас нежить.","Action, Adventure, Fantasy",United States
Комната,2015,1h 58m,"Маленький мальчик держит в плену в комнате со своей матерью с момента его рождения, поэтому он никогда не знал мир снаружи.","Drama, Thriller","Ireland, Canada, United Kingdom, United States"
Ненависть,1995,1h 38m,24 часа в жизни трех молодых людей во французских пригородах на следующий день после жестокого бунта.,"Crime, Drama",France
Да прольётся свет,2021,2h 44m,"Когда племенный мужчина арестован по делу о предполагаемой краже, его жена обращается к адвокату по правам человека, чтобы помочь принести справедливость.","Crime, Drama","India, United States"
Отель «Руанда»,2004,2h 1m,"Пол Русесабагина, менеджер отеля, размещает более тысячи беженцев тутси во время их борьбы с милицией хуту в Руанде, Африка.","Biography, Drama, History","United States, United Kingdom, South Africa, Italy"
Взвод,1986,2h 0m,"Крис Тейлор, новобранец неофит во Вьетнаме, оказывается пойманным в битве завещания между двумя сержантами, одним добром и другом злом.Проницательное исследование жестокости войны и двойственности человека в конфликте.","Drama, War","United States, United Kingdom"
Лучшие годы нашей жизни,1946,2h 50m,"Три ветерана Второй мировой войны, два из которых были травмированы или инвалиды, возвращаются домой на американский Средний Запад, чтобы обнаружить, что они и их семьи были непоправимо изменились.","Drama, Romance, War",United States
Перед закатом,2004,1h 20m,"Через девять лет после того, как Джесси и Селин впервые встретились, они снова сталкиваются друг с другом на французском этапе книжного тура Джесси.","Drama, Romance","France, United States"
Изгоняющий дьявола,1973,2h 2m,"Когда таинственная сущность обладает молодой девушкой, ее мать ищет помощи двух католических священников, чтобы спасти ее жизнь.",Horror,United States
Страсти Жанны д'Арк,1928,1h 50m,В 1431 году Жанна Д'Арк предназначена для суда по обвинению в ересь.Церковные юристы пытаются заставить Жанну отречься от ее требований святых видений.,"Biography, Drama, History",France
Звуки музыки,1965,2h 52m,"В 1930 -х годах ее монастырь послал молодой новичок, чтобы стать гувернантой семерыми детьми овдовевшего военно -морского офицера.","Biography, Drama, Family",United States
Волшебник страны Оз,1939,1h 42m,"Молодая Дороти Гейл и ее собака Тото сметают торнадо с их Канзасской фермы на волшебную страну Оз и отправляются на поиски с тремя новыми друзьями, чтобы увидеть волшебника, который может вернуть ее в дом и выполнить пожелания других.","Adventure, Family, Fantasy",United States
Суперсемейка,2004,1h 55m,"Пытаясь вести тихую пригородную жизнь, семья тайных супергероев вынуждена спасти мир.","Animation, Action, Adventure",United States
Хатико: самый верный друг,2009,1h 33m,"Профессор Уилсон обнаруживает потерянного щенка Акиты по дороге домой.Несмотря на возражения со стороны своей жены, Хачи постигает себя семье и становится верным компаньоном Паркера.По мере того, как их связь становится глубже, прекрасные отношения разворачиваются.","Biography, Drama, Family","United Kingdom, United States"
Гонка,2013,2h 3m,"Джеймс Хант и Ники Лауда, два чрезвычайно опытных гонщика Формулы -1, имеют сильное соперничество друг с другом.Тем не менее, именно их вражда толкает их до предела.","Biography, Drama, Sport","United Kingdom, United States"
Останься со мной,1986,1h 29m,"Писатель рассказывает о детском путешествии со своими друзьями, чтобы найти тело пропавшего мальчика.","Adventure, Comedy, Drama",United States
Телесеть,1976,2h 1m,"Телевизионная сеть цинично использует ненормативные бреды бывшего якоря и откровения о средствах массовой информации для своей собственной прибыли, но обнаруживает, что его сообщение может быть трудно контролировать.",Drama,United States
Мой отец и мой сын,2005,1h 52m,Семья левого журналиста разрывается после военного переворота Турции в 1980 году.,"Drama, Family",Turkey
Стальной гигант,1999,1h 26m,"Молодой мальчик подружился с гигантским роботом из космоса, который хочет уничтожить параноидный правительственный агент.","Animation, Action, Adventure","United States, Czech Republic, United Kingdom"
Служанка,2016,2h 25m,"В 1930 -х годах, Корея, девушка нанимается в качестве служанки японской наследнице, которая живет уединенной жизнью в сельской местности.Но у горничной есть секрет: она - карманник, завербованный мошенником, чтобы помочь соблазнить леди и украсть ее состояние.","Drama, Romance, Thriller",South Korea
Быть или не быть,1942,1h 39m,Во время немецкой оккупации Польши действующая труппа становится втянутой в усилия польского солдата по отслеживанию немецкого шпиона.,"Comedy, Romance, War",United States
Битва за Алжир,1966,2h 1m,"В 1950 -х годах страх и насилие растут, когда народ Алжира борются за независимость со стороны французского правительства.","Drama, War","Italy, Algeria"
Форма голоса,2016,2h 10m,"Глухая девушка, Шоко, издевается популярной Шайей.Когда Шоя продолжает запугать Шоко, класс возвращается на него.Шоко переводится, а Shoya растет как изгоя.В одиночку и в депрессии, сожаление Шая находит Шоко, чтобы исправить.","Animation, Drama",Japan
Гроздья гнева,1940,2h 9m,"Семья штата Оклахома, изгнанная с фермы по бедности и безнадежности пылевой чаши, присоединяется к миграции на запад в Калифорнию, страдая от несчастий бездомных в Великой депрессии.",Drama,United States
В диких условиях,2007,2h 28m,"После окончания Университета Эмори ведущий студент и спортсмен Кристофер МакКандлесс отказывается от своего имущества, придает весь его сберегательный счет в размере 24 000 долларов на благотворительность и автостопные изделия на Аляску, чтобы жить в пустыне.","Adventure, Biography, Drama",United States
День сурка,1993,1h 41m,"Нарциссический, эгоистичный метеоролог оказывается в временной цикле в день сурка.","Comedy, Drama, Fantasy",United States
Прислуга,2011,2h 26m,"Начинающий автор во время движения за гражданские права 1960 -х годов решает написать книгу, в которой подробно описывается точка зрения афроамериканских горничных на белых семьях, для которых они работают, и трудности, которые они проходят ежедневно.",Drama,"United States, India"
Сука любовь,2000,2h 34m,"Любительский боец ​​собаки, супермодель и заброшенная убийца, все они изо всех сил пытаются найти любовь, находят свою жизнь, преобразованную разрушительной автомобильной аварией в Мехико.","Drama, Thriller",Mexico
Ребекка,1940,2h 10m,Самосознательная женщина жонглирует приспособленной к своей новой роли жены аристократа и избегая запугивания спектрального присутствия его первой жены.,"Drama, Mystery, Romance",United States
Видимость,2015,2h 43m,"Отчаянные меры принимаются человеком, который пытается спасти свою семью от темной стороны закона, после того, как они совершили неожиданное преступление.","Crime, Drama, Mystery",India
